Date,Open,High,Low,Close,Volume,Currency
2018-01-02,7.139,7.169,7.05,7.082,15958400,EUR
2018-01-03,7.113,7.12,7.055,7.094,13318700,EUR
2018-01-04,7.113,7.274,7.104,7.221,20791400,EUR
2018-01-05,7.259,7.282,7.203,7.253,13584400,EUR
2018-01-08,7.274,7.293,7.22,7.235,13423551,EUR
2018-01-09,7.227,7.284,7.217,7.262,12948667,EUR
2018-01-10,7.28,7.38,7.259,7.35,25977068,EUR
2018-01-11,7.349,7.45,7.297,7.344,20968022,EUR
2018-01-12,7.391,7.448,7.359,7.448,20457292,EUR
2018-01-15,7.465,7.516,7.428,7.481,15062455,EUR
2018-01-16,7.478,7.51,7.439,7.477,15199921,EUR
2018-01-17,7.4,7.457,7.331,7.398,17961084,EUR
2018-01-18,7.42,7.429,7.345,7.379,13560275,EUR
2018-01-19,7.375,7.448,7.354,7.4,14375402,EUR
2018-01-22,7.423,7.535,7.375,7.495,16017376,EUR
2018-01-23,7.53,7.569,7.45,7.49,15621766,EUR
2018-01-24,7.478,7.533,7.455,7.48,12642143,EUR
2018-01-25,7.483,7.601,7.481,7.601,17010192,EUR
2018-01-26,7.59,7.65,7.565,7.634,12502773,EUR
2018-01-29,7.659,7.674,7.594,7.643,14150513,EUR
2018-01-30,7.59,7.617,7.512,7.563,19808168,EUR
2018-01-31,7.569,7.632,7.511,7.568,18410114,EUR
2018-02-01,7.68,7.73,7.42,7.458,23911694,EUR
2018-02-02,7.45,7.467,7.292,7.354,18027280,EUR
2018-02-05,7.286,7.322,7.212,7.255,18564966,EUR
2018-02-06,7.1,7.23,7.03,7.085,31706068,EUR
2018-02-07,7.195,7.268,7.087,7.227,23092132,EUR
2018-02-08,7.193,7.287,7.098,7.131,23712878,EUR
2018-02-09,7.067,7.098,6.928,7.009,29355548,EUR
2018-02-12,7.084,7.153,7.053,7.097,17869516,EUR
2018-02-13,7.102,7.124,6.984,6.998,16120750,EUR
2018-02-14,7.061,7.077,6.915,6.968,18542636,EUR
2018-02-15,7.06,7.14,6.968,6.993,17162516,EUR
2018-02-16,7.057,7.077,6.974,7.059,20079716,EUR
2018-02-19,7.085,7.117,7.022,7.022,10225798,EUR
2018-02-20,7.011,7.071,6.975,7.026,16485276,EUR
2018-02-21,7.012,7.03,6.936,6.97,14140443,EUR
2018-02-22,6.93,6.978,6.852,6.97,20962500,EUR
2018-02-23,6.967,6.968,6.89,6.91,18453920,EUR
2018-02-26,6.945,6.96,6.9,6.959,13312186,EUR
2018-02-27,6.981,6.998,6.922,6.95,13226904,EUR
2018-02-28,6.91,6.94,6.871,6.89,17071966,EUR
2018-03-01,6.851,6.88,6.78,6.79,17494700,EUR
2018-03-02,6.75,6.75,6.64,6.642,25503306,EUR
2018-03-05,6.607,6.673,6.571,6.61,17128236,EUR
2018-03-06,6.668,6.764,6.647,6.65,17118124,EUR
2018-03-07,6.632,6.649,6.6,6.63,13674244,EUR
2018-03-08,6.657,6.717,6.618,6.652,13651945,EUR
2018-03-09,6.668,6.702,6.637,6.646,13505162,EUR
2018-03-12,6.691,6.7,6.643,6.674,10861883,EUR
2018-03-13,6.674,6.764,6.647,6.67,14579505,EUR
2018-03-14,6.67,6.697,6.552,6.57,15711631,EUR
2018-03-15,6.585,6.604,6.505,6.528,14088099,EUR
2018-03-16,6.557,6.678,6.524,6.651,37070136,EUR
2018-03-19,6.629,6.652,6.527,6.553,13655236,EUR
2018-03-20,6.573,6.617,6.549,6.597,10980615,EUR
2018-03-21,6.635,6.661,6.5,6.531,14564985,EUR
2018-03-22,6.501,6.595,6.375,6.445,22152510,EUR
2018-03-23,6.333,6.382,6.254,6.274,30741456,EUR
2018-03-26,6.3,6.319,6.225,6.261,20304972,EUR
2018-03-27,6.368,6.37,6.257,6.289,17643972,EUR
2018-03-28,6.222,6.342,6.209,6.342,20417880,EUR
2018-03-29,6.36,6.485,6.354,6.429,19658728,EUR
2018-04-03,6.38,6.419,6.322,6.366,14733598,EUR
2018-04-04,6.364,6.373,6.245,6.35,26538324,EUR
2018-04-05,6.427,6.549,6.42,6.51,24953568,EUR
2018-04-06,6.35,6.408,6.324,6.346,14953764,EUR
2018-04-09,6.4,6.467,6.381,6.431,12943643,EUR
2018-04-10,6.48,6.495,6.408,6.421,14380357,EUR
2018-04-11,6.405,6.431,6.34,6.348,15940995,EUR
2018-04-12,6.347,6.372,6.315,6.329,12612949,EUR
2018-04-13,6.353,6.498,6.338,6.41,18259040,EUR
2018-04-16,6.408,6.452,6.395,6.415,9882673,EUR
2018-04-17,6.432,6.485,6.402,6.402,12201935,EUR
2018-04-18,6.411,6.513,6.383,6.492,17094276,EUR
2018-04-19,6.476,6.538,6.476,6.518,11279534,EUR
2018-04-20,6.521,6.585,6.501,6.578,15238479,EUR
2018-04-23,6.592,6.593,6.541,6.582,12064556,EUR
2018-04-24,6.593,6.593,6.514,6.582,11761556,EUR
2018-04-25,6.538,6.553,6.473,6.553,11981400,EUR
2018-04-26,6.544,6.59,6.5,6.542,10492291,EUR
2018-04-27,6.595,6.74,6.58,6.687,23027076,EUR
2018-04-30,6.684,6.745,6.682,6.73,14887250,EUR
2018-05-02,6.718,6.782,6.718,6.765,12186807,EUR
2018-05-03,6.76,6.76,6.638,6.666,18401632,EUR
2018-05-04,6.68,6.752,6.63,6.742,15396615,EUR
2018-05-07,6.77,6.812,6.753,6.788,9297735,EUR
2018-05-08,6.791,6.817,6.73,6.756,14452434,EUR
2018-05-09,6.768,6.81,6.735,6.806,10884594,EUR
2018-05-10,6.82,6.852,6.789,6.852,11124303,EUR
2018-05-11,6.852,6.885,6.838,6.854,9564066,EUR
2018-05-14,6.845,6.886,6.796,6.833,9129674,EUR
2018-05-15,6.828,6.855,6.669,6.729,17987292,EUR
2018-05-16,6.708,6.743,6.558,6.62,22779652,EUR
2018-05-17,6.64,6.708,6.61,6.707,15464439,EUR
2018-05-18,6.7,6.706,6.546,6.58,30179548,EUR
2018-05-21,6.61,6.623,6.489,6.508,12762293,EUR
2018-05-22,6.526,6.649,6.513,6.615,16624150,EUR
2018-05-23,6.572,6.572,6.392,6.467,24408944,EUR
2018-05-24,6.484,6.524,6.347,6.386,19409792,EUR
2018-05-25,6.408,6.416,6.124,6.208,33723308,EUR
2018-05-28,6.307,6.338,6.09,6.134,18761760,EUR
2018-05-29,6.07,6.087,5.85,5.878,42308300,EUR
2018-05-30,5.95,6.022,5.825,5.916,36047556,EUR
2018-05-31,5.981,6.066,5.783,5.839,39901276,EUR
2018-06-01,5.971,6.074,5.89,6.018,30418326,EUR
2018-06-04,6.087,6.147,6.02,6.057,22997876,EUR
2018-06-05,6.037,6.075,5.914,5.915,22453584,EUR
2018-06-06,5.924,5.999,5.845,5.993,23063432,EUR
2018-06-07,6.05,6.188,6.05,6.114,25058062,EUR
2018-06-08,6.039,6.078,6.004,6.078,18713966,EUR
2018-06-11,6.177,6.232,6.1,6.206,26167046,EUR
2018-06-12,6.25,6.269,6.19,6.19,17663648,EUR
2018-06-13,6.176,6.212,6.096,6.1,20601704,EUR
2018-06-14,6.08,6.11,6.03,6.094,19683696,EUR
2018-06-15,6.103,6.114,5.905,5.977,42121408,EUR
2018-06-18,5.95,6.015,5.906,5.919,13915863,EUR
2018-06-19,5.85,5.994,5.8,5.961,16780222,EUR
2018-06-20,6.02,6.08,6.0,6.01,18487724,EUR
2018-06-21,6.046,6.076,5.909,5.972,14863284,EUR
2018-06-22,6.014,6.078,5.975,6.06,15965487,EUR
2018-06-25,5.998,6.04,5.945,5.955,17633052,EUR
2018-06-26,6.002,6.044,5.916,6.014,17662708,EUR
2018-06-27,6.008,6.018,5.886,5.968,19256126,EUR
2018-06-28,5.92,6.005,5.911,5.966,13267225,EUR
2018-06-29,6.05,6.16,6.037,6.074,22524692,EUR
2018-07-02,5.98,5.987,5.881,5.946,23522428,EUR
2018-07-03,5.976,6.059,5.915,6.02,15269746,EUR
2018-07-04,6.0,6.155,5.998,6.136,16014458,EUR
2018-07-05,6.16,6.359,6.16,6.309,23101448,EUR
2018-07-06,6.36,6.41,6.302,6.369,19574844,EUR
2018-07-09,6.4,6.439,6.364,6.368,12686727,EUR
2018-07-10,6.35,6.353,6.175,6.212,27853608,EUR
2018-07-11,6.14,6.16,6.045,6.045,19278262,EUR
2018-07-12,6.079,6.09,5.984,6.057,13763923,EUR
2018-07-13,6.083,6.083,5.994,6.033,12495603,EUR
2018-07-16,6.014,6.064,5.967,5.993,11423558,EUR
2018-07-17,6.0,6.046,5.921,5.935,23556830,EUR
2018-07-18,5.921,6.004,5.871,6.004,18031974,EUR
2018-07-19,6.0,6.071,5.949,5.976,13394267,EUR
2018-07-20,5.95,5.999,5.916,5.971,17417660,EUR
2018-07-23,5.939,6.043,5.916,6.026,12058294,EUR
2018-07-24,6.08,6.2,6.077,6.156,21023840,EUR
2018-07-25,6.156,6.16,6.034,6.048,16127459,EUR
2018-07-26,6.074,6.168,6.07,6.121,16646110,EUR
2018-07-27,6.19,6.328,6.159,6.201,18502476,EUR
2018-07-30,6.166,6.255,6.152,6.228,13185785,EUR
2018-07-31,6.21,6.33,6.21,6.286,19234648,EUR
2018-08-01,6.294,6.33,6.204,6.224,11755363,EUR
2018-08-02,6.189,6.19,6.022,6.05,27506136,EUR
2018-08-03,6.054,6.11,6.01,6.063,10240903,EUR
2018-08-06,6.073,6.1,6.006,6.041,10230978,EUR
2018-08-07,6.06,6.086,6.025,6.04,11518367,EUR
2018-08-08,6.025,6.051,5.966,6.002,11067641,EUR
2018-08-09,6.0,6.005,5.917,5.947,15873600,EUR
2018-08-10,5.82,5.825,5.6,5.64,56784348,EUR
2018-08-13,5.478,5.528,5.4,5.458,40654896,EUR
2018-08-14,5.484,5.568,5.385,5.453,30667236,EUR
2018-08-15,5.479,5.53,5.335,5.399,27476004,EUR
2018-08-16,5.466,5.516,5.41,5.487,21227676,EUR
2018-08-17,5.514,5.514,5.379,5.44,20372060,EUR
2018-08-20,5.469,5.514,5.394,5.416,13638144,EUR
2018-08-21,5.4,5.539,5.39,5.496,13448481,EUR
2018-08-22,5.489,5.582,5.48,5.551,16368521,EUR
2018-08-23,5.57,5.597,5.52,5.522,11925430,EUR
2018-08-24,5.502,5.567,5.502,5.533,9138433,EUR
2018-08-27,5.551,5.587,5.506,5.571,8302016,EUR
2018-08-28,5.59,5.608,5.49,5.49,17660044,EUR
2018-08-29,5.51,5.545,5.455,5.533,11761943,EUR
2018-08-30,5.501,5.51,5.378,5.381,24679056,EUR
2018-08-31,5.394,5.411,5.353,5.37,21152720,EUR
2018-09-03,5.37,5.395,5.328,5.354,10057133,EUR
2018-09-04,5.354,5.422,5.298,5.368,17457294,EUR
2018-09-05,5.347,5.426,5.297,5.363,21825654,EUR
2018-09-06,5.32,5.32,5.221,5.228,24127098,EUR
2018-09-07,5.23,5.257,5.118,5.18,22847516,EUR
2018-09-10,5.166,5.275,5.15,5.199,15873803,EUR
2018-09-11,5.229,5.255,5.155,5.209,17236876,EUR
2018-09-12,5.21,5.22,5.137,5.215,15331879,EUR
2018-09-13,5.213,5.461,5.209,5.438,40246860,EUR
2018-09-14,5.478,5.479,5.384,5.449,21199972,EUR
2018-09-17,5.43,5.528,5.428,5.503,20383274,EUR
2018-09-18,5.502,5.509,5.443,5.486,16851692,EUR
2018-09-19,5.505,5.606,5.475,5.596,26567904,EUR
2018-09-20,5.617,5.755,5.617,5.678,35155580,EUR
2018-09-21,5.742,5.785,5.605,5.636,56155496,EUR
2018-09-24,5.6,5.635,5.568,5.593,18066536,EUR
2018-09-25,5.63,5.678,5.595,5.598,21863364,EUR
2018-09-26,5.601,5.624,5.561,5.577,13860156,EUR
2018-09-27,5.536,5.609,5.462,5.609,19114968,EUR
2018-09-28,5.548,5.549,5.384,5.49,29788156,EUR
2018-10-01,5.477,5.605,5.467,5.515,20134914,EUR
2018-10-02,5.458,5.468,5.369,5.369,30681760,EUR
2018-10-03,5.426,5.44,5.341,5.344,24027852,EUR
2018-10-04,5.345,5.398,5.29,5.297,26756006,EUR
2018-10-05,5.3,5.308,5.245,5.263,19363404,EUR
2018-10-08,5.2,5.242,5.103,5.215,20467152,EUR
2018-10-09,5.242,5.303,5.181,5.295,26330380,EUR
2018-10-10,5.257,5.358,5.247,5.293,22106280,EUR
2018-10-11,5.193,5.356,5.182,5.289,35632728,EUR
2018-10-12,5.37,5.39,5.264,5.264,20855754,EUR
2018-10-15,5.249,5.343,5.233,5.319,15930864,EUR
2018-10-16,5.346,5.384,5.303,5.361,17599230,EUR
2018-10-17,5.38,5.407,5.276,5.298,15647876,EUR
2018-10-18,5.28,5.339,5.092,5.155,34296744,EUR
2018-10-19,5.13,5.245,5.016,5.206,38516860,EUR
2018-10-22,5.285,5.321,5.094,5.095,19650654,EUR
2018-10-23,5.02,5.123,5.007,5.068,24752868,EUR
2018-10-24,5.077,5.077,4.965,4.965,19627408,EUR
2018-10-25,4.985,5.134,4.972,5.106,25400774,EUR
2018-10-26,5.072,5.093,5.008,5.088,21732938,EUR
2018-10-29,5.168,5.201,5.076,5.133,17633444,EUR
2018-10-30,5.2,5.226,4.969,4.972,37178608,EUR
2018-10-31,5.016,5.022,4.866,4.885,54113764,EUR
2018-11-01,4.895,5.036,4.885,5.032,23284092,EUR
2018-11-02,5.094,5.194,5.081,5.164,26601366,EUR
2018-11-05,5.166,5.255,5.165,5.207,15845203,EUR
2018-11-06,5.199,5.205,5.101,5.155,13576584,EUR
2018-11-07,5.4,5.4,5.237,5.244,27356080,EUR
2018-11-08,5.267,5.29,5.2,5.217,14723971,EUR
2018-11-09,5.05,5.05,4.852,4.912,66481144,EUR
2018-11-12,5.025,5.049,4.9,4.912,28959148,EUR
2018-11-13,4.925,5.009,4.925,5.0,21563300,EUR
2018-11-14,4.974,5.029,4.95,4.972,15713471,EUR
2018-11-15,4.993,5.029,4.912,4.977,21290576,EUR
2018-11-16,5.003,5.015,4.909,4.911,34333652,EUR
2018-11-19,4.921,4.984,4.903,4.91,15890961,EUR
2018-11-20,4.9,4.9,4.822,4.852,20440160,EUR
2018-11-21,4.88,4.963,4.865,4.938,18929296,EUR
2018-11-22,4.9,4.944,4.873,4.905,11779093,EUR
2018-11-23,4.923,4.962,4.895,4.915,9088941,EUR
2018-11-26,4.961,5.098,4.95,5.085,25978588,EUR
2018-11-27,5.02,5.059,4.855,4.918,40232968,EUR
2018-11-28,4.925,5.01,4.925,4.978,18450528,EUR
2018-11-29,5.03,5.07,4.981,4.99,15200162,EUR
2018-11-30,5.003,5.019,4.947,5.018,20583352,EUR
2018-12-03,5.1,5.16,5.091,5.091,20254910,EUR
2018-12-04,5.056,5.074,4.929,4.929,20301354,EUR
2018-12-05,4.888,4.902,4.81,4.865,19431352,EUR
2018-12-06,4.812,4.836,4.661,4.691,28343752,EUR
2018-12-07,4.721,4.783,4.689,4.691,19752596,EUR
2018-12-10,4.676,4.71,4.565,4.575,21298964,EUR
2018-12-11,4.598,4.623,4.53,4.537,33371522,EUR
2018-12-12,4.52,4.681,4.52,4.65,27556304,EUR
2018-12-13,4.707,4.811,4.666,4.737,25129964,EUR
2018-12-14,4.702,4.724,4.601,4.713,17827140,EUR
2018-12-17,4.705,4.758,4.692,4.706,17927326,EUR
2018-12-18,4.702,4.764,4.671,4.683,23962796,EUR
2018-12-19,4.705,4.784,4.704,4.728,20007152,EUR
2018-12-20,4.65,4.715,4.623,4.654,21874564,EUR
2018-12-21,4.633,4.66,4.534,4.619,45314884,EUR
2018-12-24,4.574,4.599,4.543,4.558,5463592,EUR
2018-12-27,4.6,4.638,4.476,4.545,31739690,EUR
2018-12-28,4.559,4.648,4.55,4.641,18323888,EUR
2018-12-31,4.635,4.663,4.62,4.636,6375185,EUR
2019-01-02,4.574,4.696,4.51,4.663,15428251,EUR
2019-01-03,4.626,4.739,4.626,4.676,16784222,EUR
2019-01-04,4.739,4.878,4.722,4.851,23416428,EUR
2019-01-07,4.883,4.894,4.801,4.833,15309030,EUR
2019-01-08,4.86,4.923,4.835,4.875,16370855,EUR
2019-01-09,4.92,5.027,4.899,4.941,21938548,EUR
2019-01-10,4.908,5.005,4.883,4.984,15954072,EUR
2019-01-11,4.98,5.049,4.944,5.036,19021176,EUR
2019-01-14,4.999,5.016,4.927,4.989,19456388,EUR
2019-01-15,5.013,5.069,4.911,4.989,16045935,EUR
2019-01-16,5.013,5.11,5.0,5.11,22119212,EUR
2019-01-17,5.065,5.11,5.024,5.037,18761806,EUR
2019-01-18,5.089,5.2,5.074,5.2,30153300,EUR
2019-01-21,5.2,5.21,5.156,5.206,8285333,EUR
2019-01-22,5.155,5.178,5.134,5.17,14195226,EUR
2019-01-23,5.158,5.265,5.141,5.227,15679903,EUR
2019-01-24,5.247,5.27,5.145,5.205,19260850,EUR
2019-01-25,5.253,5.309,5.22,5.304,17982548,EUR
2019-01-28,5.275,5.331,5.234,5.245,14761852,EUR
2019-01-29,5.256,5.281,5.211,5.26,13281999,EUR
2019-01-30,5.27,5.299,5.235,5.258,13679641,EUR
2019-01-31,5.284,5.293,5.087,5.17,24376368,EUR
2019-02-01,5.205,5.261,5.062,5.197,23987082,EUR
2019-02-04,5.178,5.222,5.11,5.171,15837719,EUR
2019-02-05,5.183,5.23,5.156,5.223,22469680,EUR
2019-02-06,5.171,5.245,5.164,5.241,17098124,EUR
2019-02-07,5.21,5.235,5.068,5.077,19900996,EUR
2019-02-08,5.07,5.116,5.017,5.058,16812896,EUR
2019-02-11,5.102,5.174,5.089,5.115,12287175,EUR
2019-02-12,5.165,5.209,5.1,5.201,19009192,EUR
2019-02-13,5.189,5.216,5.101,5.101,18849784,EUR
2019-02-14,5.122,5.125,4.99,5.028,19690348,EUR
2019-02-15,5.025,5.218,4.998,5.194,31048860,EUR
2019-02-18,5.208,5.259,5.203,5.227,10808119,EUR
2019-02-19,5.2,5.248,5.128,5.189,13578094,EUR
2019-02-20,5.199,5.251,5.178,5.237,13587458,EUR
2019-02-21,5.245,5.256,5.19,5.224,13553959,EUR
2019-02-22,5.21,5.28,5.204,5.227,13456713,EUR
2019-02-25,5.265,5.289,5.23,5.255,10919299,EUR
2019-02-26,5.228,5.255,5.177,5.249,11307573,EUR
2019-02-27,5.232,5.385,5.226,5.377,23092616,EUR
2019-02-28,5.344,5.492,5.319,5.474,23933394,EUR
2019-03-01,5.496,5.51,5.379,5.379,20431976,EUR
2019-03-04,5.422,5.45,5.321,5.336,15310630,EUR
2019-03-05,5.338,5.39,5.245,5.307,22120516,EUR
2019-03-06,5.3,5.426,5.29,5.372,15183628,EUR
2019-03-07,5.388,5.437,5.172,5.219,26441152,EUR
2019-03-08,5.165,5.19,5.093,5.136,18744126,EUR
2019-03-11,5.172,5.225,5.13,5.201,12869369,EUR
2019-03-12,5.233,5.246,5.15,5.181,14310635,EUR
2019-03-13,5.191,5.299,5.18,5.275,19224820,EUR
2019-03-14,5.275,5.342,5.264,5.282,14893773,EUR
2019-03-15,5.299,5.382,5.27,5.373,44035248,EUR
2019-03-18,5.397,5.472,5.39,5.421,14839483,EUR
2019-03-19,5.439,5.55,5.412,5.485,17396256,EUR
2019-03-20,5.47,5.49,5.418,5.419,15967143,EUR
2019-03-21,5.388,5.408,5.341,5.372,16570932,EUR
2019-03-22,5.406,5.411,5.163,5.188,25639080,EUR
2019-03-25,5.163,5.264,5.119,5.2,17721828,EUR
2019-03-26,5.213,5.228,5.127,5.143,16782278,EUR
2019-03-27,5.165,5.284,5.093,5.116,28280728,EUR
2019-03-28,5.07,5.094,5.005,5.047,21807880,EUR
2019-03-29,5.096,5.123,5.051,5.093,22459176,EUR
2019-04-01,5.197,5.337,5.156,5.306,31483402,EUR
2019-04-02,5.31,5.381,5.282,5.328,20883406,EUR
2019-04-03,5.407,5.446,5.386,5.413,20599888,EUR
2019-04-04,5.406,5.507,5.382,5.498,22000180,EUR
2019-04-05,5.501,5.535,5.481,5.495,22152108,EUR
2019-04-08,5.34,5.372,5.308,5.333,13305491,EUR
2019-04-09,5.319,5.415,5.316,5.346,14641172,EUR
2019-04-10,5.363,5.382,5.268,5.294,14770610,EUR
2019-04-11,5.318,5.409,5.27,5.37,16796608,EUR
2019-04-12,5.368,5.522,5.325,5.512,25893516,EUR
2019-04-15,5.51,5.568,5.425,5.481,18838636,EUR
2019-04-16,5.494,5.546,5.453,5.526,13372879,EUR
2019-04-17,5.546,5.679,5.525,5.599,21251866,EUR
2019-04-18,5.62,5.633,5.505,5.594,25782920,EUR
2019-04-23,5.577,5.589,5.446,5.476,21168372,EUR
2019-04-24,5.45,5.504,5.362,5.409,17824908,EUR
2019-04-25,5.415,5.422,5.324,5.364,16896232,EUR
2019-04-26,5.375,5.391,5.303,5.377,17165494,EUR
2019-04-29,5.396,5.434,5.354,5.415,13331841,EUR
2019-04-30,5.385,5.418,5.303,5.418,19210148,EUR
2019-05-02,5.41,5.469,5.342,5.349,17100552,EUR
2019-05-03,5.374,5.407,5.286,5.336,12545236,EUR
2019-05-06,5.23,5.298,5.206,5.279,15013623,EUR
2019-05-07,5.256,5.265,5.141,5.144,23495650,EUR
2019-05-08,5.155,5.2,5.105,5.2,18161310,EUR
2019-05-09,5.128,5.173,5.065,5.094,19139908,EUR
2019-05-10,5.138,5.158,5.04,5.078,13736552,EUR
2019-05-13,5.084,5.093,4.966,4.982,17578296,EUR
2019-05-14,5.023,5.083,5.001,5.083,17205466,EUR
2019-05-15,5.064,5.117,5.008,5.091,17458584,EUR
2019-05-16,5.076,5.192,5.045,5.192,17279560,EUR
2019-05-17,5.15,5.179,5.09,5.152,22666618,EUR
2019-05-20,5.13,5.207,5.053,5.074,19550936,EUR
2019-05-21,5.108,5.148,5.071,5.117,13675427,EUR
2019-05-22,5.115,5.14,5.0,5.026,19370600,EUR
2019-05-23,4.99,5.026,4.955,4.973,18659780,EUR
2019-05-24,4.992,5.05,4.969,5.024,12896603,EUR
2019-05-27,5.083,5.097,5.011,5.036,6302808,EUR
2019-05-28,5.041,5.047,4.956,5.047,21306288,EUR
2019-05-29,4.996,5.028,4.948,4.997,17138010,EUR
2019-05-30,5.049,5.093,5.033,5.075,11757189,EUR
2019-05-31,4.923,4.949,4.843,4.867,43421520,EUR
2019-06-03,4.817,4.865,4.778,4.862,20279638,EUR
2019-06-04,4.843,5.016,4.84,5.01,26552684,EUR
2019-06-05,5.0,5.017,4.905,4.98,19119538,EUR
2019-06-06,4.96,5.079,4.896,4.944,27258712,EUR
2019-06-07,4.949,4.974,4.88,4.923,15412050,EUR
2019-06-10,5.015,5.08,4.989,5.068,16541699,EUR
2019-06-11,5.041,5.062,5.0,5.0,15167570,EUR
2019-06-12,4.95,4.96,4.878,4.939,20457180,EUR
2019-06-13,4.92,4.968,4.894,4.915,13837611,EUR
2019-06-14,4.905,4.915,4.862,4.878,13663826,EUR
2019-06-17,4.918,4.939,4.867,4.867,13567581,EUR
2019-06-18,4.861,4.922,4.801,4.902,23269580,EUR
2019-06-19,4.921,5.01,4.892,5.01,20101106,EUR
2019-06-20,5.01,5.029,4.939,4.939,25412252,EUR
2019-06-21,4.96,5.014,4.891,4.918,44322920,EUR
2019-06-24,4.921,4.974,4.883,4.917,11181919,EUR
2019-06-25,4.887,4.893,4.831,4.878,13827914,EUR
2019-06-26,4.861,4.93,4.834,4.894,18473132,EUR
2019-06-27,4.912,4.972,4.865,4.903,15365997,EUR
2019-06-28,4.91,4.934,4.888,4.917,13439317,EUR
2019-07-01,4.981,5.026,4.973,4.973,14326430,EUR
2019-07-02,4.976,4.992,4.888,4.93,13683537,EUR
2019-07-03,4.903,5.027,4.886,5.027,14534463,EUR
2019-07-04,5.009,5.098,5.009,5.087,16728566,EUR
2019-07-05,5.083,5.135,5.034,5.078,15022491,EUR
2019-07-08,5.05,5.082,4.961,4.985,15371088,EUR
2019-07-09,4.965,4.973,4.91,4.951,17025396,EUR
2019-07-10,4.93,5.004,4.888,4.944,19732968,EUR
2019-07-11,4.963,4.973,4.883,4.93,16826988,EUR
2019-07-12,4.952,4.985,4.897,4.897,17762272,EUR
2019-07-15,4.915,4.941,4.873,4.926,14556317,EUR
2019-07-16,4.947,5.008,4.913,4.971,16467224,EUR
2019-07-17,4.952,4.965,4.9,4.905,14722233,EUR
2019-07-18,4.879,4.894,4.812,4.856,16701931,EUR
2019-07-19,4.861,4.901,4.758,4.78,21036828,EUR
2019-07-22,4.777,4.792,4.711,4.745,16089992,EUR
2019-07-23,4.787,4.902,4.771,4.88,18138080,EUR
2019-07-24,4.851,4.905,4.83,4.878,13453844,EUR
2019-07-25,4.878,5.046,4.86,4.894,27632190,EUR
2019-07-26,4.867,4.887,4.816,4.833,14391024,EUR
2019-07-29,4.821,4.848,4.777,4.802,11447371,EUR
2019-07-30,4.787,4.793,4.622,4.657,24447312,EUR
2019-07-31,4.68,4.725,4.57,4.599,24996520,EUR
2019-08-01,4.601,4.723,4.59,4.636,20289324,EUR
2019-08-02,4.53,4.588,4.492,4.522,27344266,EUR
2019-08-05,4.474,4.502,4.435,4.46,20462324,EUR
2019-08-06,4.478,4.487,4.407,4.414,18281736,EUR
2019-08-07,4.447,4.485,4.368,4.407,20656660,EUR
2019-08-08,4.47,4.538,4.423,4.518,17715678,EUR
2019-08-09,4.457,4.484,4.42,4.436,17874682,EUR
2019-08-12,4.444,4.451,4.276,4.276,20749322,EUR
2019-08-13,4.263,4.395,4.23,4.353,23504588,EUR
2019-08-14,4.322,4.325,4.215,4.244,22631448,EUR
2019-08-15,4.281,4.298,4.187,4.234,20107016,EUR
2019-08-16,4.234,4.375,4.208,4.365,41075972,EUR
2019-08-19,4.396,4.425,4.269,4.269,18293516,EUR
2019-08-20,4.25,4.258,4.19,4.207,16548594,EUR
2019-08-21,4.204,4.261,4.204,4.231,9794727,EUR
2019-08-22,4.229,4.371,4.229,4.325,15127162,EUR
2019-08-23,4.354,4.373,4.24,4.24,15935499,EUR
2019-08-26,4.213,4.308,4.213,4.276,10219145,EUR
2019-08-27,4.295,4.333,4.261,4.29,16221338,EUR
2019-08-28,4.29,4.312,4.244,4.274,11505115,EUR
2019-08-29,4.266,4.368,4.263,4.322,14914028,EUR
2019-08-30,4.332,4.359,4.292,4.309,12925745,EUR
2019-09-02,4.296,4.33,4.277,4.277,8060712,EUR
2019-09-03,4.268,4.319,4.242,4.286,14715054,EUR
2019-09-04,4.338,4.363,4.303,4.313,12697114,EUR
2019-09-05,4.359,4.497,4.35,4.496,24409316,EUR
2019-09-06,4.483,4.56,4.46,4.49,15546890,EUR
2019-09-09,4.508,4.602,4.501,4.602,15194221,EUR
2019-09-10,4.6,4.702,4.542,4.696,23780344,EUR
2019-09-11,4.74,4.772,4.653,4.676,19602796,EUR
2019-09-12,4.678,4.775,4.554,4.729,26759160,EUR
2019-09-13,4.77,4.872,4.758,4.865,27144116,EUR
2019-09-16,4.825,4.846,4.758,4.795,15755225,EUR
2019-09-17,4.771,4.782,4.669,4.697,18441966,EUR
2019-09-18,4.72,4.743,4.646,4.692,16203818,EUR
2019-09-19,4.722,4.785,4.694,4.785,14996730,EUR
2019-09-20,4.77,4.9,4.752,4.9,56440448,EUR
2019-09-23,4.841,4.85,4.674,4.686,26230224,EUR
2019-09-24,4.703,4.726,4.654,4.67,15259622,EUR
2019-09-25,4.638,4.683,4.561,4.676,15389616,EUR
2019-09-26,4.652,4.711,4.635,4.694,13012300,EUR
2019-09-27,4.71,4.769,4.681,4.747,12392956,EUR
2019-09-30,4.78,4.806,4.739,4.78,21034984,EUR
2019-10-01,4.82,4.828,4.7,4.7,16182780,EUR
2019-10-02,4.686,4.706,4.519,4.519,21267332,EUR
2019-10-03,4.555,4.555,4.463,4.519,17384148,EUR
2019-10-04,4.546,4.56,4.484,4.535,15362540,EUR
2019-10-07,4.543,4.614,4.487,4.587,13643872,EUR
2019-10-08,4.607,4.62,4.462,4.505,16224063,EUR
2019-10-09,4.52,4.555,4.481,4.506,12990721,EUR
2019-10-10,4.516,4.628,4.51,4.628,18483820,EUR
2019-10-11,4.542,4.719,4.542,4.716,23302636,EUR
2019-10-14,4.67,4.682,4.587,4.635,14380951,EUR
2019-10-15,4.689,4.753,4.632,4.749,23385240,EUR
2019-10-16,4.731,4.837,4.654,4.808,22519046,EUR
2019-10-17,4.779,4.876,4.727,4.727,22811232,EUR
2019-10-18,4.705,4.79,4.705,4.779,18965832,EUR
2019-10-21,4.8,4.909,4.788,4.892,18281588,EUR
2019-10-22,4.893,4.919,4.818,4.887,16738198,EUR
2019-10-23,4.838,4.924,4.822,4.908,14903122,EUR
2019-10-24,4.93,4.967,4.865,4.886,16248239,EUR
2019-10-25,4.892,4.93,4.842,4.885,13778010,EUR
2019-10-28,4.886,4.905,4.85,4.882,12043851,EUR
2019-10-29,4.879,4.894,4.819,4.856,23960700,EUR
2019-10-30,4.851,4.864,4.69,4.734,33393400,EUR
2019-10-31,4.737,4.755,4.606,4.723,24066100,EUR
2019-11-01,4.72,4.738,4.63,4.733,22491400,EUR
2019-11-04,4.793,4.89,4.76,4.878,20208600,EUR
2019-11-05,4.9,4.973,4.881,4.954,29804800,EUR
2019-11-06,4.98,5.035,4.885,4.904,19113700,EUR
2019-11-07,4.904,4.998,4.885,4.989,18898000,EUR
2019-11-08,4.96,5.004,4.916,4.958,24548300,EUR
2019-11-11,4.925,4.965,4.892,4.944,14024300,EUR
2019-11-12,4.971,5.002,4.907,4.917,18788300,EUR
2019-11-13,4.865,4.88,4.715,4.756,26064500,EUR
2019-11-14,4.764,4.774,4.713,4.74,13963500,EUR
2019-11-15,4.782,4.806,4.732,4.768,18031000,EUR
2019-11-18,4.793,4.822,4.691,4.736,16592200,EUR
2019-11-19,4.76,4.823,4.745,4.762,12407900,EUR
2019-11-20,4.718,4.741,4.66,4.726,12884700,EUR
2019-11-21,4.703,4.772,4.678,4.761,13929000,EUR
2019-11-22,4.782,4.854,4.764,4.798,19153200,EUR
2019-11-25,4.824,4.867,4.798,4.816,10698100,EUR
2019-11-26,4.824,4.824,4.763,4.792,19028400,EUR
2019-11-27,4.795,4.849,4.775,4.829,18110900,EUR
2019-11-28,4.798,4.819,4.782,4.807,12724700,EUR
2019-11-29,4.798,4.832,4.768,4.782,15581700,EUR
2019-12-02,4.788,4.843,4.691,4.694,26561000,EUR
2019-12-03,4.707,4.729,4.633,4.657,46600300,EUR
2019-12-04,4.641,4.75,4.641,4.729,28081800,EUR
2019-12-05,4.738,4.785,4.716,4.724,30109100,EUR
2019-12-06,4.738,4.798,4.715,4.783,13331500,EUR
2019-12-09,4.79,4.837,4.756,4.756,22675000,EUR
2019-12-10,4.76,4.772,4.682,4.76,19880000,EUR
2019-12-11,4.739,4.809,4.732,4.764,25838000,EUR
2019-12-12,4.782,4.939,4.745,4.921,37281000,EUR
2019-12-13,5.04,5.069,4.945,4.949,51157000,EUR
2019-12-16,4.973,5.068,4.968,5.065,19826000,EUR
2019-12-17,5.047,5.062,5.016,5.048,14755900,EUR
2019-12-18,5.042,5.11,5.042,5.095,25783100,EUR
2019-12-19,5.087,5.154,5.078,5.154,79883000,EUR
2019-12-20,5.112,5.166,5.106,5.142,51163800,EUR
2019-12-23,5.1,5.123,5.067,5.09,36278600,EUR
2019-12-24,5.042,5.07,5.031,5.061,2891000,EUR
2019-12-27,5.02,5.084,4.92,5.039,10071500,EUR
2019-12-30,5.013,5.045,5.005,5.005,9533100,EUR
2019-12-31,4.995,5.004,4.953,4.983,5624500,EUR
2020-01-02,5.031,5.124,5.021,5.11,11845300,EUR
2020-01-03,5.078,5.078,5.016,5.054,13399200,EUR
2020-01-06,5.0,5.039,4.944,5.032,11340300,EUR
2020-01-07,5.051,5.079,4.983,5.01,10187800,EUR
2020-01-08,4.968,5.069,4.961,5.058,12830900,EUR
2020-01-09,5.096,5.117,5.063,5.08,19150300,EUR
2020-01-10,5.07,5.078,4.997,4.997,12669000,EUR
2020-01-13,4.998,5.004,4.896,4.923,17665400,EUR
2020-01-14,4.913,4.915,4.825,4.859,31267300,EUR
2020-01-15,4.846,4.852,4.771,4.777,18948000,EUR
2020-01-16,4.776,4.826,4.723,4.787,36276900,EUR
2020-01-17,4.819,4.854,4.8,4.806,28092400,EUR
2020-01-20,4.814,4.814,4.75,4.764,9238900,EUR
2020-01-21,4.728,4.765,4.713,4.748,35377400,EUR
2020-01-22,4.747,4.758,4.677,4.698,15589600,EUR
2020-01-23,4.704,4.739,4.631,4.664,29644000,EUR
2020-01-24,4.717,4.746,4.604,4.607,16467500,EUR
2020-01-27,4.554,4.586,4.497,4.532,19359000,EUR
2020-01-28,4.55,4.63,4.508,4.601,15912100,EUR
2020-01-29,4.64,4.692,4.609,4.668,25612300,EUR
2020-01-30,4.619,4.708,4.598,4.708,30488900,EUR
2020-01-31,4.82,4.85,4.65,4.668,31427500,EUR
2020-02-03,4.7,4.718,4.612,4.665,19108200,EUR
2020-02-04,4.7,4.816,4.697,4.785,18494700,EUR
2020-02-05,4.76,4.927,4.755,4.927,39880700,EUR
2020-02-06,4.981,5.137,4.97,5.1,49680200,EUR
2020-02-07,5.08,5.23,5.071,5.227,27160000,EUR
2020-02-10,5.202,5.29,5.197,5.242,27471600,EUR
2020-02-11,5.25,5.282,5.175,5.233,18206400,EUR
2020-02-12,5.25,5.339,5.238,5.329,19493200,EUR
2020-02-13,5.28,5.305,5.192,5.298,21910500,EUR
2020-02-14,5.308,5.313,5.233,5.243,12772500,EUR
2020-02-17,5.248,5.268,5.205,5.228,10321300,EUR
2020-02-18,5.222,5.249,5.159,5.168,15638600,EUR
2020-02-19,5.198,5.21,5.145,5.174,13887800,EUR
2020-02-20,5.159,5.213,5.104,5.104,19876700,EUR
2020-02-21,5.083,5.125,5.05,5.11,22854500,EUR
2020-02-24,5.0,5.0,4.903,4.912,37140200,EUR
2020-02-25,4.95,4.95,4.738,4.754,34672000,EUR
2020-02-26,4.739,4.787,4.629,4.742,32623000,EUR
2020-02-27,4.665,4.697,4.492,4.547,49772000,EUR
2020-02-28,4.42,4.42,4.235,4.335,68805000,EUR
2020-03-02,4.42,4.431,4.142,4.286,41816000,EUR
2020-03-03,4.37,4.454,4.226,4.249,36434000,EUR
2020-03-04,4.278,4.359,4.19,4.327,34587000,EUR
2020-03-05,4.362,4.364,4.094,4.123,36711000,EUR
2020-03-06,4.025,4.088,3.955,4.032,31918000,EUR
2020-03-09,3.75,3.75,3.46,3.499,66366000,EUR
2020-03-10,3.581,3.769,3.412,3.451,49460000,EUR
2020-03-11,3.538,3.715,3.465,3.542,48936000,EUR
2020-03-12,3.341,3.402,2.954,3.008,71569000,EUR
2020-03-13,3.31,3.436,2.949,3.045,44190000,EUR
2020-03-16,2.91,2.98,2.561,2.638,62764000,EUR
2020-03-17,2.881,2.89,2.644,2.82,67533000,EUR
2020-03-18,2.779,2.973,2.66,2.708,44611000,EUR
2020-03-19,2.714,2.84,2.649,2.803,36966000,EUR
2020-03-20,2.924,3.0,2.723,2.886,47093000,EUR
2020-03-23,2.707,2.94,2.69,2.784,28910000,EUR
2020-03-24,2.904,3.091,2.85,3.091,28726000,EUR
2020-03-25,3.389,3.45,3.01,3.263,33887000,EUR
2020-03-26,3.12,3.322,3.094,3.28,19786000,EUR
2020-03-27,3.158,3.2,3.029,3.105,46217000,EUR
2020-03-30,3.04,3.08,2.886,2.92,26931000,EUR
2020-03-31,2.962,2.987,2.836,2.915,37375000,EUR
2020-04-01,2.78,2.798,2.714,2.727,272033984,EUR
2020-04-02,2.75,2.76,2.604,2.674,286126016,EUR
2020-04-03,2.675,2.769,2.64,2.748,38610000,EUR
2020-04-06,2.886,2.995,2.83,2.971,31788000,EUR
2020-04-07,2.93,3.066,2.839,2.927,28052000,EUR
2020-04-08,2.861,2.976,2.819,2.959,31902000,EUR
2020-04-09,3.015,3.068,2.923,3.004,22517000,EUR
2020-04-14,3.044,3.05,2.919,2.935,32078000,EUR
2020-04-15,2.906,2.906,2.713,2.731,252448992,EUR
2020-04-16,2.785,2.82,2.607,2.624,246183008,EUR
2020-04-17,2.789,2.789,2.634,2.664,47713000,EUR
2020-04-20,2.675,2.689,2.553,2.658,22937000,EUR
2020-04-21,2.586,2.597,2.479,2.479,31763000,EUR
2020-04-22,2.508,2.585,2.483,2.585,29273000,EUR
2020-04-23,2.626,2.756,2.611,2.704,38271000,EUR
2020-04-24,2.618,2.655,2.582,2.593,35728000,EUR
2020-04-27,2.69,2.706,2.621,2.686,20909000,EUR
2020-04-28,2.679,2.927,2.661,2.927,33084000,EUR
2020-04-29,2.924,3.162,2.903,3.162,37326000,EUR
2020-04-30,3.05,3.114,2.929,2.987,52457000,EUR
2020-05-04,2.881,2.881,2.795,2.8,47352000,EUR
2020-05-05,2.858,2.908,2.754,2.8,24413000,EUR
2020-05-06,2.801,2.82,2.698,2.719,27116000,EUR
2020-05-07,2.738,2.744,2.672,2.693,18700000,EUR
2020-05-08,2.72,2.735,2.646,2.727,13910000,EUR
2020-05-11,2.75,2.78,2.621,2.647,18143000,EUR
2020-05-12,2.628,2.729,2.618,2.662,16543000,EUR
2020-05-13,2.62,2.641,2.541,2.541,35930000,EUR
2020-05-14,2.527,2.623,2.475,2.609,28312000,EUR
2020-05-15,2.615,2.678,2.558,2.578,19864000,EUR
2020-05-18,2.619,2.744,2.601,2.722,23862000,EUR
2020-05-19,2.8,2.82,2.532,2.599,42366000,EUR
2020-05-20,2.547,2.599,2.457,2.583,35358000,EUR
2020-05-21,2.544,2.618,2.505,2.566,21854000,EUR
2020-05-22,2.522,2.657,2.495,2.589,32615000,EUR
2020-05-25,2.64,2.653,2.59,2.65,13928500,EUR
2020-05-26,2.69,2.826,2.685,2.825,37507500,EUR
2020-05-27,2.85,2.978,2.842,2.921,52071100,EUR
2020-05-28,2.986,2.999,2.861,2.931,30618900,EUR
2020-05-29,2.88,2.897,2.782,2.793,40197500,EUR
2020-06-01,2.871,2.889,2.796,2.861,18136600,EUR
2020-06-02,2.872,3.044,2.841,3.005,31192800,EUR
2020-06-03,3.05,3.171,3.038,3.16,32899200,EUR
2020-06-04,3.117,3.27,3.093,3.212,48966600,EUR
2020-06-05,3.3,3.539,3.277,3.527,51923800,EUR
2020-06-08,3.485,3.646,3.465,3.55,45134200,EUR
2020-06-09,3.501,3.529,3.327,3.408,38346700,EUR
2020-06-10,3.45,3.496,3.309,3.313,46918000,EUR
2020-06-11,3.17,3.238,3.087,3.095,35112700,EUR
2020-06-12,3.036,3.21,3.024,3.129,37839700,EUR
2020-06-15,2.978,3.103,2.973,3.055,30677200,EUR
2020-06-16,3.19,3.228,3.084,3.153,29121400,EUR
2020-06-17,3.15,3.244,3.122,3.159,25482700,EUR
2020-06-18,3.135,3.217,3.055,3.101,42076900,EUR
2020-06-19,3.147,3.189,3.093,3.106,76084096,EUR
2020-06-22,3.076,3.112,3.026,3.063,16094000,EUR
2020-06-23,3.095,3.229,3.081,3.185,32441200,EUR
2020-06-24,3.15,3.195,3.026,3.032,18473900,EUR
2020-06-25,3.0,3.084,2.96,3.071,59819100,EUR
2020-06-26,3.11,3.13,2.998,2.998,24636600,EUR
2020-06-29,3.0,3.113,2.964,3.082,18478200,EUR
2020-06-30,3.07,3.094,2.995,3.064,21807200,EUR
2020-07-01,3.065,3.096,2.975,3.008,20192000,EUR
2020-07-02,3.054,3.258,3.045,3.227,31444900,EUR
2020-07-03,3.227,3.242,3.123,3.147,15328000,EUR
2020-07-06,3.259,3.369,3.256,3.307,22841600,EUR
2020-07-07,3.263,3.283,3.207,3.226,13733900,EUR
2020-07-08,3.187,3.196,3.106,3.119,16942900,EUR
2020-07-09,3.149,3.165,3.06,3.075,13381300,EUR
2020-07-10,3.047,3.162,3.026,3.146,14636100,EUR
2020-07-13,3.21,3.233,3.15,3.205,12116100,EUR
2020-07-14,3.179,3.207,3.117,3.169,21828600,EUR
2020-07-15,3.205,3.283,3.109,3.25,25047300,EUR
2020-07-16,3.25,3.283,3.216,3.262,18978300,EUR
2020-07-17,3.263,3.265,3.178,3.216,25210800,EUR
2020-07-20,3.204,3.205,3.133,3.194,21219000,EUR
2020-07-21,3.23,3.319,3.163,3.183,20638500,EUR
2020-07-22,3.197,3.229,3.15,3.183,13855000,EUR
2020-07-23,3.2,3.206,3.122,3.142,19126200,EUR
2020-07-24,3.11,3.157,3.098,3.117,12240900,EUR
2020-07-27,3.104,3.107,2.992,3.018,18811000,EUR
2020-07-28,3.024,3.09,3.005,3.047,17016300,EUR
2020-07-29,3.05,3.056,2.875,2.935,19798400,EUR
2020-07-30,2.905,2.905,2.632,2.698,45680900,EUR
2020-07-31,2.714,2.74,2.637,2.637,32180900,EUR
2020-08-03,2.617,2.728,2.584,2.724,32136400,EUR
2020-08-04,2.751,2.829,2.722,2.775,42763100,EUR
2020-08-05,2.796,2.821,2.661,2.666,23357100,EUR
2020-08-06,2.66,2.7,2.582,2.604,30310800,EUR
2020-08-07,2.569,2.592,2.462,2.525,36807900,EUR
2020-08-10,2.575,2.617,2.524,2.578,19297900,EUR
2020-08-11,2.607,2.695,2.605,2.695,27500000,EUR
2020-08-12,2.698,2.762,2.63,2.633,24448500,EUR
2020-08-13,2.61,2.674,2.555,2.56,17966700,EUR
2020-08-14,2.551,2.551,2.436,2.527,32828700,EUR
2020-08-17,2.527,2.556,2.482,2.515,27857900,EUR
2020-08-18,2.5,2.557,2.464,2.478,16487600,EUR
2020-08-19,2.47,2.553,2.458,2.553,14459800,EUR
2020-08-20,2.49,2.498,2.448,2.464,19486600,EUR
2020-08-21,2.485,2.488,2.388,2.426,24423200,EUR
2020-08-24,2.453,2.484,2.415,2.484,15737400,EUR
2020-08-25,2.51,2.584,2.503,2.505,28033600,EUR
2020-08-26,2.491,2.57,2.48,2.541,26362800,EUR
2020-08-27,2.525,2.545,2.466,2.534,18903100,EUR
2020-08-28,2.557,2.629,2.546,2.6,25572600,EUR
2020-08-31,2.62,2.631,2.449,2.453,22978700,EUR
2020-09-01,2.497,2.5,2.42,2.463,26993000,EUR
2020-09-02,2.458,2.477,2.372,2.383,32243600,EUR
2020-09-03,2.417,2.505,2.406,2.43,29290500,EUR
2020-09-04,2.456,2.592,2.445,2.557,44375600,EUR
2020-09-07,2.591,2.617,2.502,2.525,21003600,EUR
2020-09-08,2.526,2.578,2.475,2.489,39312000,EUR
2020-09-09,2.489,2.524,2.457,2.517,35711100,EUR
2020-09-10,2.518,2.547,2.471,2.514,20558000,EUR
2020-09-11,2.501,2.503,2.429,2.435,27156500,EUR
2020-09-14,2.464,2.499,2.427,2.49,20739200,EUR
2020-09-15,2.467,2.476,2.4,2.413,28193000,EUR
2020-09-16,2.412,2.43,2.351,2.429,29897600,EUR
2020-09-17,2.391,2.435,2.341,2.418,39641000,EUR
2020-09-18,2.405,2.413,2.298,2.311,253932992,EUR
2020-09-21,2.289,2.289,2.15,2.164,49644000,EUR
2020-09-22,2.204,2.226,2.146,2.16,40054000,EUR
2020-09-23,2.199,2.279,2.168,2.169,33874000,EUR
2020-09-24,2.15,2.295,2.128,2.284,46041000,EUR
2020-09-25,2.312,2.389,2.288,2.292,43012000,EUR
2020-09-28,2.344,2.384,2.314,2.384,24076000,EUR
2020-09-29,2.372,2.372,2.321,2.331,30943000,EUR
2020-09-30,2.293,2.416,2.279,2.372,21108500,EUR
2020-10-01,2.401,2.42,2.355,2.377,23103900,EUR
2020-10-02,2.342,2.394,2.316,2.378,16120400,EUR
2020-10-05,2.411,2.444,2.373,2.404,18270300,EUR
2020-10-06,2.41,2.51,2.384,2.477,33370800,EUR
2020-10-07,2.45,2.461,2.404,2.413,19119200,EUR
2020-10-08,2.43,2.473,2.419,2.435,16231700,EUR
2020-10-09,2.43,2.451,2.373,2.39,18335000,EUR
2020-10-12,2.388,2.399,2.34,2.352,14478800,EUR
2020-10-13,2.348,2.348,2.252,2.258,24956500,EUR
2020-10-14,2.26,2.313,2.248,2.268,38176500,EUR
2020-10-15,2.223,2.269,2.183,2.257,19407700,EUR
2020-10-16,2.278,2.347,2.21,2.334,20028100,EUR
2020-10-19,2.343,2.382,2.32,2.356,17276400,EUR
2020-10-20,2.343,2.468,2.333,2.428,24553300,EUR
2020-10-21,2.461,2.501,2.394,2.394,19855400,EUR
2020-10-22,2.366,2.44,2.332,2.427,17173300,EUR
2020-10-23,2.442,2.503,2.431,2.495,20242400,EUR
2020-10-26,2.41,2.489,2.384,2.436,21052900,EUR
2020-10-27,2.491,2.54,2.38,2.406,30713500,EUR
2020-10-28,2.35,2.404,2.305,2.366,29534000,EUR
2020-10-29,2.37,2.412,2.305,2.339,18548600,EUR
2020-10-30,2.34,2.462,2.332,2.462,23553100,EUR
2020-11-02,2.5,2.518,2.453,2.499,25434400,EUR
2020-11-03,2.527,2.641,2.51,2.631,33530800,EUR
2020-11-04,2.49,2.53,2.426,2.456,65109000,EUR
2020-11-05,2.486,2.569,2.422,2.56,36104900,EUR
2020-11-06,2.56,2.62,2.482,2.486,21937100,EUR
2020-11-09,2.536,2.9,2.514,2.9,79145696,EUR
2020-11-10,2.907,3.091,2.884,3.091,65826700,EUR
2020-11-11,3.078,3.165,3.061,3.143,38876300,EUR
2020-11-12,3.05,3.116,3.01,3.09,46621900,EUR
2020-11-13,3.05,3.195,3.049,3.174,29838800,EUR
2020-11-16,3.8,3.837,3.58,3.658,89216000,EUR
2020-11-17,3.624,3.64,3.393,3.497,53350000,EUR
2020-11-18,3.49,3.552,3.429,3.511,28294000,EUR
2020-11-19,3.433,3.598,3.429,3.572,25851000,EUR
2020-11-20,3.598,3.624,3.571,3.599,27365000,EUR
2020-11-23,3.63,3.675,3.612,3.63,22378000,EUR
2020-11-24,3.68,3.776,3.644,3.776,23388000,EUR
2020-11-25,3.81,3.84,3.683,3.785,23851000,EUR
2020-11-26,3.795,3.813,3.675,3.77,30274000,EUR
2020-11-27,3.74,3.958,3.738,3.958,45250000,EUR
2020-11-30,3.865,3.966,3.815,3.93,51849000,EUR
2020-12-01,3.865,4.007,3.837,4.005,45127000,EUR
2020-12-02,3.983,4.08,3.945,4.08,43623000,EUR
2020-12-03,4.08,4.103,3.989,4.078,26350000,EUR
2020-12-04,4.067,4.304,4.055,4.304,53904000,EUR
2020-12-07,4.25,4.301,4.173,4.2,24371000,EUR
2020-12-08,4.179,4.238,4.154,4.155,14246300,EUR
2020-12-09,4.177,4.197,4.139,4.155,16867800,EUR
2020-12-10,4.196,4.196,4.003,4.054,24864300,EUR
2020-12-11,4.026,4.058,3.864,3.971,41358800,EUR
2020-12-14,4.02,4.114,4.013,4.028,27258000,EUR
2020-12-15,4.03,4.108,3.983,4.099,18943300,EUR
2020-12-16,4.062,4.118,4.016,4.056,17859100,EUR
2020-12-17,4.069,4.088,4.006,4.059,23502800,EUR
2020-12-18,4.033,4.097,4.013,4.054,43554800,EUR
2020-12-21,3.912,3.958,3.796,3.881,21393400,EUR
2020-12-22,3.895,3.999,3.893,3.966,12281500,EUR
2020-12-23,3.968,4.095,3.956,4.081,29162300,EUR
2020-12-24,4.093,4.105,4.06,4.1,3838500,EUR
2020-12-28,4.136,4.15,4.001,4.078,9906200,EUR
2020-12-29,4.104,4.12,4.039,4.068,9927900,EUR
2020-12-30,4.07,4.148,4.062,4.074,9544400,EUR
2020-12-31,4.051,4.082,4.035,4.035,6323200,EUR
